[{
    "type": "connector",
    "token": "agarxhqb98rpajloaxn34ga8xrunpagkjwlaw3ruxnpaagl29w4rxn"
},{
    "type": "chat",
    "token": "agarxhqb98rpajloaxn34ga8xrunpagkjwlaw3ruxnpaagl29w4rxn"
},{
    "type": "auth",
    "token": "agarxhqb98rpajloaxn34ga8xrunpagkjwlaw3ruxnpaagl29w4rxn"
},{
    "type": "hall",
    "token": "agarxhqb98rpajloaxn34ga8xrunpagkjwlaw3ruxnpaagl29w4rxn"
},{
    "type": "http",
    "token": "agarxhqb98rpajloaxn34ga8xrunpagkjwlaw3ruxnpaagl29w4rxn"
},
 {
     "type": "wuhan",
		"token": "agarxhqb98rpajloaxn34ga8xrunpagkjwlaw3ruxnpaagl29w4rxn"
 }

]
