{
  "appenders": [
    {
      "type": "console"
    },
    {
      "type": "file",
      "filename": "./logs/con-log.log",
      "pattern": "connector",
      "maxLogSize": 104857600,
      "layout": {
        "type": "basic"
      },
      "backups": 5,
      "category": "con-log"
    },
    {
      "type": "file",
      "filename": "./logs/rpc-log.log",
      "maxLogSize": 104857600,
      "layout": {
        "type": "basic"
      },
      "backups": 5,
      "category": "rpc-log"
    },
    {
      "type": "file",
      "filename": "./logs/forward-log.log",
      "maxLogSize": 104857600,
      "layout": {
        "type": "basic"
      },
      "backups": 5,
      "category": "forward-log"
    },
    {
      "type": "file",
      "filename": "./logs/rpc-debug.log",
      "maxLogSize": 104857600,
      "layout": {
        "type": "basic"
      },
      "backups": 5,
      "category": "rpc-debug"
    },
    {
      "type": "file",
      "filename": "./logs/crash.log",
      "maxLogSize": 104857600,
      "layout": {
        "type": "basic"
      },
      "backups": 5,
      "category":"crash-log"
    },
    {
      "type": "file",
      "filename": "./logs/admin.log",
      "maxLogSize": 104857600,
      "layout": {
        "type": "basic"
      }
    ,"backups": 5,
      "category":"admin-log"
    },
    {
      "type": "file",
      "filename": "./logs/pomelo.log",
      "maxLogSize": 104857600,
      "layout": {
        "type": "basic"
      }
    ,"backups": 5,
      "category":"pomelo"
    },
    {
      "type": "file",
      "filename": "./logs/pomelo-admin.log",
      "maxLogSize": 104857600,
      "layout": {
        "type": "basic"
      }
    ,"backups": 5,
      "category":"pomelo-admin"
    },
    {
      "type": "file",
      "filename": "./logs/pomelo-rpc.log",
      "maxLogSize": 104857600,
      "layout": {
        "type": "basic"
      }
    ,"backups": 5,
      "category":"pomelo-rpc"
    },
    {
      "type": "file",
      "filename": "./logs/majhong.log",
      "maxLogSize": 104857600,
      "layout": {
        "type": "basic"
      },
      "backups": 5,
      "category":"majhong-log"
    },
    {
      "type": "file",
      "filename": "./logs/yiqigame.log",
      "maxLogSize": 104857600,
      "layout": {
        "type": "basic"
      },
      "backups": 5,
      "category":"yiqigame-log"
    },
    {
      "type": "file",
      "filename": "./logs/database.log",
      "maxLogSize": 104857600,
      "layout": {
        "type": "basic"
      },
      "backups": 5,
      "category":"database-log"
    },
   {
      "type": "file",
      "filename": "./logs/charge.log",
      "maxLogSize": 104857600,
      "layout": {
          "type": "basic"
      },
      "backups": 5,
      "category":"charge-log"
  }
  ],

  "levels": {
    "console": "ERROR",
    "con-log": "DEBUG",
    "rpc-log" : "DEBUG",
    "forward-log": "ERROR",
    "majhong-log":"DEBUG",
    "charge-log":"DEBUG"
  },

  "replaceConsole": true,

  "lineDebug": true
}
